,carat,x,y,z,fair,good,ideal,premium,very good
107,-1.1044683934136763,-1.3663898470544147,-1.3628270305944172,-1.2829514884814361,0.0,0.0,0.0,1.0,0.0
429,-0.6546323568564725,-0.596687176002983,-0.5732311720180978,-0.5301012012206024,0.0,0.0,1.0,0.0,0.0
487,0.8973019692658806,1.0725475323013258,1.024760446529216,0.9906563790462811,0.0,0.0,1.0,0.0,0.0
236,-0.15981271664354832,-0.04027560656821371,0.00016582051946791642,0.042065017097630934,0.0,0.0,1.0,0.0,0.0
619,1.0097609784051815,1.1467357415592954,8.34883335561999e-16,1.0207703905367151,0.0,0.0,0.0,0.0,1.0
447,-0.7445995641679133,-0.7079694898899371,-0.7142304324781552,-0.6957282644179863,0.0,0.0,1.0,0.0,0.0
233,0.46995773453653705,0.7108800121687259,0.6675623200304047,0.6292882411610813,0.0,0.0,0.0,1.0,0.0
229,-0.20479632029926875,-0.16083144661241372,-0.0844337357565662,0.027008011352413912,0.0,0.0,0.0,0.0,1.0
645,1.6620232314131271,1.517676787849142,1.466558129304061,1.5025945743836477,0.0,0.0,0.0,1.0,0.0
571,2.741629719150416,2.1575500926991267,2.2561539878803805,2.390957913351431,0.0,0.0,0.0,0.0,1.0
746,0.46995773453653705,0.6737859075397412,0.7239620242144271,0.5991742296706479,0.0,0.0,1.0,0.0,0.0
800,-1.0819765915858162,-1.2551075331674606,-1.3252272278050687,-1.2528374769910027,0.0,0.0,0.0,1.0,0.0
362,-1.1269601952415365,-1.3756633732116605,-1.3816269319890921,-4.680657648870788e-15,0.0,0.0,1.0,0.0,0.0
439,0.5374331400201177,0.6552388552252484,0.6299625172410561,0.6443452469062977,0.0,0.0,0.0,1.0,0.0
813,-0.8795503751350744,-0.9305341176638452,-0.9868290027009314,-0.8914693391058028,0.0,0.0,1.0,0.0,0.0
624,-0.18230451847140852,5.7655820651734695e-15,0.06596547540082731,-4.680657648870788e-15,0.0,0.0,1.0,0.0,0.0
774,0.7848429601265795,0.9334446399426332,0.9871606437398673,0.8702003330845476,0.0,0.0,1.0,0.0,0.0
736,-3.995346600735451e-15,-0.596687176002983,-0.5920310734127717,-0.4999871897301691,0.0,0.0,1.0,0.0,0.0
823,0.6948757528151391,0.7943417475839412,0.817961531187799,0.8099723101036809,0.0,0.0,1.0,0.0,0.0
116,-0.4522061404057308,-0.32775491744284435,-0.33823240458466935,-0.28918910929713615,0.0,0.0,1.0,0.0,0.0
68,-3.995346600735451e-15,0.7201535383259718,8.34883335561999e-16,0.6895162641419474,0.0,0.0,1.0,0.0,0.0
350,0.46995773453653705,0.7108800121687259,0.6299625172410561,0.46366117796369744,0.0,0.0,0.0,1.0,0.0
777,0.46995773453653705,0.6552388552252484,0.5923627144517075,0.46366117796369744,0.0,0.0,0.0,1.0,0.0
371,1.5720560241016863,1.3971209478049413,1.3161589181466669,1.4574235571479974,0.0,0.0,0.0,1.0,0.0
755,2.7191379173225556,2.2410118281143423,2.218554185091033,1.8489057065236318,0.0,0.0,1.0,0.0,0.0
820,-1.1269601952415365,-1.3756633732116605,-1.3816269319890921,-1.3281225057170865,0.0,0.0,0.0,1.0,0.0
464,3.303924764846921,2.5099440866744818,2.6039521636818557,2.2554448616444813,0.0,1.0,0.0,0.0,0.0
37,-0.6546323568564725,-0.6430548067892138,8.34883335561999e-16,-0.5451582069658194,0.0,0.0,0.0,0.0,1.0
665,-3.995346600735451e-15,-0.9954488007645678,-0.9868290027009314,-0.8462983218701525,0.0,1.0,0.0,0.0,0.0
376,-3.995346600735451e-15,0.6088712244390178,0.6299625172410561,0.5238892009445641,0.0,0.0,0.0,0.0,1.0
106,-0.0023701038485268453,0.3028448612498944,0.376163848412953,-0.07839102886410255,0.0,0.0,0.0,0.0,1.0
705,0.08759710346291374,0.11737433810497098,0.15056503167686228,0.3130911205115306,0.0,1.0,0.0,0.0,0.0
323,0.7173675546429994,0.8128887998984331,0.8461613832798098,0.8400863215941149,0.0,0.0,1.0,0.0,0.0
554,1.6170396277574068,1.7958825725665268,1.7297567488295014,1.1412264364984472,1.0,0.0,0.0,0.0,0.0
251,0.44746593270867685,0.6830594336969872,0.7521618763064388,0.3130911205115306,0.0,1.0,0.0,0.0,0.0
626,-0.9020421769629345,-1.0047223269218146,-1.0056289040956061,-0.966754367831886,0.0,0.0,1.0,0.0,0.0
468,-1.1269601952415365,-1.3663898470544147,-1.3816269319890921,-1.3130654999718694,0.0,0.0,1.0,0.0,0.0
456,-0.6546323568564725,-0.4668578098015371,-0.5168314678340745,-0.7258422759084197,0.0,0.0,0.0,1.0,0.0
215,1.4146134113066648,1.2672915816034953,1.3255588688440045,1.4273095456575646,0.0,0.0,0.0,0.0,1.0
855,0.5824167436758382,0.7757946952694484,0.7145620735170902,0.7346872813775978,0.0,0.0,0.0,1.0,0.0
56,1.7070068350688476,1.5918649971071115,1.6357572418561295,1.5628225973645145,0.0,0.0,1.0,0.0,0.0
521,2.764121520978276,2.129729514227389,2.1809543823016835,2.2705018673896977,0.0,0.0,1.0,0.0,0.0
339,-0.15981271664354832,0.09882728579047904,0.00016582051946791642,-0.018163005883235807,0.0,0.0,0.0,1.0,0.0
169,1.5720560241016863,1.4620356309056646,1.4947579813960727,1.5176515801288641,0.0,0.0,1.0,0.0,0.0
291,-0.18230451847140852,-0.0031815019392290277,-0.03743398226988067,0.027008011352413912,0.0,0.0,1.0,0.0,0.0
181,-1.1044683934136763,-1.3849368993689073,-1.391026882686429,-1.2227234655005692,0.0,1.0,0.0,0.0,0.0
53,0.22254791443007502,5.7655820651734695e-15,0.4043637005049646,0.4034331549828307,0.0,0.0,0.0,1.0,0.0
772,-0.9695175824465152,-1.1252781669660146,-1.1184283124636518,-1.0269823908127527,0.0,0.0,0.0,0.0,1.0
838,0.46995773453653705,0.5161359628665565,0.4137636512023015,0.7045732698871637,0.0,1.0,0.0,0.0,0.0
715,-0.6096487532007521,5.7655820651734695e-15,-0.5168314678340745,-0.4849301839849527,0.0,0.0,1.0,0.0,0.0
151,-0.20479632029926875,-0.07736971119719839,-0.018634080875206793,0.042065017097630934,0.0,0.0,0.0,0.0,1.0
579,-0.5421733477171714,-0.4112166528580597,8.34883335561999e-16,-0.439759166749303,0.0,0.0,0.0,0.0,1.0
230,1.5945478259295467,1.4342150524339259,1.4007584744227008,1.5929366088549486,0.0,0.0,0.0,0.0,1.0
871,-0.13732091481568812,0.033912602689755655,-0.018634080875206793,0.14746405731414738,0.0,0.0,0.0,0.0,1.0
649,-0.15981271664354832,0.06173318116149437,0.07536542609816509,0.057122022842847286,0.0,0.0,0.0,0.0,1.0
809,0.7623511582987194,0.8499829045274178,0.8931611367664962,0.8702003330845476,0.0,0.0,1.0,0.0,0.0
929,0.8073347619544398,0.8592564306846646,0.817961531187799,0.915371350320198,0.0,0.0,0.0,1.0,0.0
188,-0.6771241586843326,-0.5688665975312444,-0.6860305803861436,-0.5752722184562529,0.0,0.0,0.0,1.0,0.0
867,0.24503971625793522,0.5161359628665565,0.44196350329431316,0.3883761492376144,0.0,0.0,0.0,1.0,0.0
756,0.6274003473315586,0.7943417475839412,0.7521618763064388,0.7346872813775978,0.0,0.0,0.0,1.0,0.0
185,-0.9020421769629345,-0.9676282222928299,-0.9774290520035945,-0.9215833505962363,0.0,0.0,1.0,0.0,0.0
43,1.5720560241016863,1.5733179447926187,1.466558129304061,1.3068534996958312,0.0,1.0,0.0,0.0,0.0
949,0.5149413381922575,0.6366918029107566,0.5923627144517075,0.674459258396731,0.0,0.0,1.0,0.0,0.0
916,-3.995346600735451e-15,0.5903241721245258,0.4889632567809987,0.6594022526515146,0.0,0.0,0.0,1.0,0.0
578,0.9197937710937408,5.7655820651734695e-15,1.118759953502587,0.915371350320198,0.0,0.0,0.0,0.0,1.0
142,0.22254791443007502,0.3955801228223565,0.31036419353159356,0.5088321951993479,0.0,0.0,0.0,0.0,1.0
458,1.5945478259295467,1.526950314006388,1.5511576855800953,1.4273095456575646,0.0,0.0,0.0,0.0,1.0
763,-1.1044683934136763,-1.310748690110938,8.34883335561999e-16,-1.4335215459336028,0.0,0.0,0.0,0.0,1.0
352,-3.995346600735451e-15,-0.1979255512413984,-0.15023339063792643,-0.033220011628452825,0.0,1.0,0.0,0.0,0.0
317,-0.6321405550286122,-0.5503195452167524,-0.5168314678340745,-0.5602152127110358,0.0,0.0,0.0,0.0,1.0
322,1.054744582060902,1.2209239508172647,8.34883335561999e-16,1.050884402027148,0.0,0.0,1.0,0.0,0.0
509,-0.6096487532007521,-0.5595930713739984,-0.5544312706234231,-0.515044195475386,0.0,0.0,1.0,0.0,0.0
443,-1.0819765915858162,-1.2829281116391993,-1.297027375713057,-1.2829514884814361,0.0,0.0,0.0,0.0,1.0
752,-0.9470257806186549,-1.1067311146515217,-1.0902284603716403,-0.966754367831886,0.0,1.0,0.0,0.0,0.0
563,0.9872691765773214,5.7655820651734695e-15,1.0999600521079131,0.9454853618106307,0.0,0.0,0.0,1.0,0.0
329,-0.5871569513728918,-0.5132254405877678,-0.5074315171367376,-0.515044195475386,0.0,0.0,0.0,1.0,0.0
911,0.40248232905295644,0.5439565413382944,0.5735628130570328,0.6594022526515146,0.0,0.0,1.0,0.0,0.0
150,0.5599249418479779,0.7943417475839412,0.7333619749117641,0.7045732698871637,0.0,0.0,1.0,0.0,0.0
575,1.302154402167364,1.2023768985027719,1.2503592632653073,1.3369675111862651,0.0,0.0,0.0,0.0,1.0
67,1.5720560241016863,1.3322062647042188,1.2973590167519928,1.547765591619298,0.0,1.0,0.0,0.0,0.0
479,-1.2169274025529773,5.7655820651734695e-15,8.34883335561999e-16,-1.5539775918953365,0.0,0.0,0.0,1.0,0.0
392,-0.1148291129878279,0.19156254736294034,0.12236517958485062,0.011951005607197562,0.0,0.0,0.0,1.0,0.0
522,0.46995773453653705,0.5254094890238025,0.545362960965022,0.6895162641419474,0.0,1.0,0.0,0.0,0.0
401,0.4924495363643973,0.6737859075397412,8.34883335561999e-16,0.6594022526515146,0.0,0.0,1.0,0.0,0.0
658,2.7191379173225556,2.0555413049694193,2.1527545302096724,2.1199318099375315,0.0,0.0,0.0,0.0,1.0
327,-1.0819765915858162,-1.3014751639536912,-1.306427326410395,-1.2678944827362197,0.0,0.0,1.0,0.0,0.0
461,-1.0819765915858162,-1.2551075331674606,-1.2594275729237085,-1.2377804712457863,0.0,0.0,1.0,0.0,0.0
886,0.46995773453653705,0.6459653290680025,0.6769622707277416,0.41849016072804773,0.0,0.0,0.0,0.0,1.0
960,1.6620232314131271,1.7124208371513114,1.663957093948141,1.4273095456575646,0.0,0.0,0.0,1.0,0.0
526,-0.6096487532007521,-0.5503195452167524,-0.6202309255047833,-0.40964515525886963,0.0,1.0,0.0,0.0,0.0
631,-0.9470257806186549,-0.9861752746073218,-0.9868290027009314,-1.0420393965579697,0.0,0.0,1.0,0.0,0.0
523,0.22254791443007502,0.3770330705078637,0.43256355259697626,0.4034331549828307,0.0,0.0,1.0,0.0,0.0
573,-0.4297143385778706,-0.3184813912855984,-0.3006326017953208,-0.24401809206148575,0.0,0.0,1.0,0.0,0.0
780,0.26753151808579545,0.3863065966651097,0.3291640949262674,0.49377518945413085,0.0,0.0,0.0,1.0,0.0
131,-0.9920093842743753,5.7655820651734695e-15,-1.0902284603716403,-1.1926094540101366,0.0,0.0,0.0,1.0,0.0
750,-0.6546323568564725,-0.605960702160229,-0.648430777596795,-0.5602152127110358,0.0,0.0,0.0,1.0,0.0
296,0.44746593270867685,0.5903241721245258,0.639362467938393,0.5238892009445641,0.0,1.0,0.0,0.0,0.0
283,0.672383950987279,5.7655820651734695e-15,0.9025610874638331,0.7648012928680304,0.0,1.0,0.0,0.0,0.0
802,1.054744582060902,1.0725475323013258,1.10936000280525,1.1412264364984472,0.0,0.0,1.0,0.0,0.0
697,1.302154402167364,5.7655820651734695e-15,1.2973590167519928,1.3520245169314815,0.0,0.0,1.0,0.0,0.0
130,-1.1269601952415365,-1.2643810593247065,-1.3534270798970804,-1.373293522952736,0.0,0.0,0.0,1.0,0.0
525,1.1222199875444827,1.2023768985027719,1.1469598055945986,1.1713404479888814,0.0,0.0,0.0,1.0,0.0
654,-1.1269601952415365,-1.3849368993689073,-1.400426833383766,-1.3431795114623029,0.0,0.0,1.0,0.0,0.0
114,-0.047353707504247264,0.2101095996774331,0.1599649823741992,0.042065017097630934,0.0,0.0,0.0,0.0,1.0
637,-3.995346600735451e-15,-1.0510899577080453,-1.0432287068849548,-0.9065263448510192,0.0,1.0,0.0,0.0,0.0
539,-0.4522061404057308,-0.4204901790153065,-0.37583220737401796,-0.183790069080619,0.0,1.0,0.0,0.0,0.0
524,-1.1044683934136763,-1.32929574242543,-1.3440271291997434,-1.2678944827362197,0.0,0.0,1.0,0.0,0.0
962,0.24503971625793522,0.4234007012940944,0.4513634539916501,0.3281481262567476,0.0,0.0,0.0,0.0,1.0
271,-0.4297143385778706,-0.21647260355589032,-0.31943250318999467,-0.424702161004086,0.0,0.0,0.0,1.0,0.0
313,-0.20479632029926875,-0.1701049727696597,-0.009234130177869856,0.042065017097630934,0.0,0.0,0.0,0.0,1.0
377,0.24503971625793522,0.3955801228223565,0.4607634046889871,0.4486041722184811,0.0,0.0,1.0,0.0,0.0
416,-1.1044683934136763,-1.338569268582676,-1.3346271785024058,-1.2829514884814361,0.0,0.0,1.0,0.0,0.0
284,0.44746593270867685,0.5346830151810484,0.47956330608366177,0.7648012928680304,0.0,1.0,0.0,0.0,0.0
129,0.6049085455036983,0.7016064860114791,0.639362467938393,0.8551433273393313,0.0,0.0,0.0,0.0,1.0
395,-0.20479632029926875,-0.1701049727696597,-0.12203353854591478,0.027008011352413912,0.0,1.0,0.0,0.0,0.0
835,-0.9920093842743753,-1.0881840623370298,-1.0902284603716403,-1.1173244252840528,0.0,0.0,0.0,1.0,0.0
393,-0.9020421769629345,-0.9676282222928299,-0.9492291999115837,-0.9366403563414526,0.0,0.0,1.0,0.0,0.0
798,-1.194435600725117,-1.4962192132558605,-1.5038262910544746,-1.4485785516788199,0.0,0.0,1.0,0.0,0.0
957,-1.0369929879300956,-1.1160046408087687,-1.193627918042349,-1.1926094540101366,0.0,0.0,1.0,0.0,0.0
210,0.7848429601265795,0.8499829045274178,0.7991616297931243,0.9605423675558484,0.0,0.0,0.0,1.0,0.0
606,-0.4072225367500104,-0.253566708184875,-0.25363284830863525,-0.24401809206148575,0.0,0.0,1.0,0.0,0.0
589,0.8973019692658806,0.9890857968861105,0.9401608902531817,0.9605423675558484,0.0,0.0,1.0,0.0,0.0
939,0.29002331991365565,0.41412717513684844,8.34883335561999e-16,0.4335471664732641,0.0,0.0,0.0,1.0,0.0
812,-0.6096487532007521,-0.5224989667450137,-0.5262314185314123,-0.5301012012206024,0.0,0.0,0.0,0.0,1.0
40,-0.09233731115996768,0.1451949165767097,8.34883335561999e-16,0.042065017097630934,0.0,0.0,0.0,1.0,0.0
306,-0.5196815458893115,-0.4112166528580597,-0.41343201016336656,-0.3945881495136526,0.0,0.0,1.0,0.0,0.0
629,2.8315969264618572,2.250285354271588,2.1715544316043465,2.330729890370564,0.0,0.0,1.0,0.0,0.0
373,-1.0145011861022355,-1.2180134285384758,-1.2312277208316977,-1.147438436774486,0.0,0.0,0.0,0.0,1.0
204,-3.995346600735451e-15,-1.2458340070102145,-1.2406276715290345,-1.2678944827362197,0.0,0.0,0.0,1.0,0.0
829,-0.8795503751350744,-0.9305341176638452,-0.9492291999115837,-0.8914693391058028,0.0,0.0,1.0,0.0,0.0
272,-0.6546323568564725,-0.605960702160229,-0.5920310734127717,-0.5301012012206024,0.0,0.0,1.0,0.0,0.0
8,-0.8795503751350744,-0.9119870653493525,-0.9116293971222351,-0.9366403563414526,0.0,0.0,1.0,0.0,0.0
355,0.8973019692658806,0.9798122707288646,1.024760446529216,0.9755993733010647,0.0,0.0,0.0,0.0,1.0
567,-1.1044683934136763,-1.1809193239094913,-1.2782274743183832,-1.4485785516788199,0.0,0.0,0.0,1.0,0.0
610,-0.5646651495450317,-0.4668578098015371,-0.46043176365005206,-0.4698731782397357,0.0,0.0,1.0,0.0,0.0
70,-1.2394192043808374,-1.5889544748283226,-1.6072257487251826,-1.523863580404903,0.0,0.0,0.0,0.0,1.0
397,-0.15981271664354832,0.033912602689755655,-0.018634080875206793,0.057122022842847286,0.0,0.0,1.0,0.0,0.0
882,3.7537608014041255,2.676867557504912,2.6509519171685403,2.767383056981848,0.0,0.0,0.0,1.0,0.0
139,-0.06984550933210748,0.07100670731874033,0.00016582051946791642,0.14746405731414738,0.0,0.0,0.0,0.0,1.0
499,-0.5871569513728918,-0.3463019697573371,-0.41343201016336656,-0.6505572471823359,0.0,0.0,0.0,1.0,0.0
7,-0.9920093842743753,-1.0881840623370298,-1.0902284603716403,-1.13238143102927,0.0,0.0,1.0,0.0,0.0
801,-1.2394192043808374,-1.6260485794573074,-1.6072257487251826,-1.53892058615012,0.0,0.0,1.0,0.0,0.0
449,-1.1044683934136763,-1.320022216268184,8.34883335561999e-16,-1.3582365172075197,0.0,0.0,0.0,1.0,0.0
445,-1.0145011861022355,-1.1438252192805065,8.34883335561999e-16,-1.13238143102927,0.0,0.0,1.0,0.0,0.0
93,0.29002331991365565,0.4512212797658331,0.39496374980762766,0.4335471664732641,0.0,0.0,0.0,1.0,0.0
477,2.8990723319454372,2.250285354271588,2.22795413578837,2.1952168386636144,0.0,0.0,0.0,1.0,0.0
692,-1.0819765915858162,-1.310748690110938,-1.297027375713057,-1.2678944827362197,0.0,0.0,1.0,0.0,0.0
79,0.24503971625793522,0.43267422745134115,0.4513634539916501,0.35826213774718096,0.0,0.0,1.0,0.0,0.0
518,0.5374331400201177,0.6923329598542332,0.64876241863573,0.7346872813775978,0.0,0.0,1.0,0.0,0.0
537,-0.5421733477171714,-0.42976370517255247,-0.42283196086070346,-0.40964515525886963,0.0,0.0,1.0,0.0,0.0
342,-0.5871569513728918,-0.5039519144305218,-0.6014310241101095,-0.45481617249451933,0.0,0.0,1.0,0.0,0.0
448,0.4924495363643973,0.5717771198100331,8.34883335561999e-16,0.7346872813775978,0.0,1.0,0.0,0.0,0.0
49,-0.22728812212712896,-0.012455028096474991,8.34883335561999e-16,-0.13861905184496928,0.0,0.0,0.0,0.0,1.0
701,-0.5196815458893115,-0.4112166528580597,-0.4792316650447268,-0.34941713227800286,0.0,0.0,1.0,0.0,0.0
250,1.6170396277574068,1.5733179447926187,1.6075573897641187,1.397195534167132,0.0,0.0,0.0,0.0,1.0
147,-0.047353707504247264,0.1730154950484484,0.19756478516354778,0.16252106305936442,0.0,0.0,1.0,0.0,0.0
390,0.8973019692658806,1.06327400614408,0.9683607423451925,0.9454853618106307,0.0,0.0,0.0,1.0,0.0
933,-0.18230451847140852,-0.11446381582618306,-0.18783319342727503,0.042065017097630934,0.0,1.0,0.0,0.0,0.0
921,0.46995773453653705,0.7201535383259718,8.34883335561999e-16,0.34320513200196395,0.0,0.0,0.0,1.0,0.0
57,0.4924495363643973,0.6830594336969872,0.7145620735170902,0.5238892009445641,0.0,0.0,0.0,1.0,0.0
880,1.5720560241016863,1.406394473962188,1.3631586716333532,1.5025945743836477,0.0,0.0,0.0,1.0,0.0
552,-0.6096487532007521,5.7655820651734695e-15,-0.5450313199260862,-0.5301012012206024,0.0,0.0,1.0,0.0,0.0
135,-0.4072225367500104,-0.22574612971313712,-0.33823240458466935,-0.3042461150423525,0.0,0.0,0.0,1.0,0.0
732,1.054744582060902,1.18382984618828,1.1469598055945986,1.0358273962819315,0.0,0.0,0.0,1.0,0.0
668,0.11008890529077396,0.3306654397216331,0.2821643414395819,0.2378060917854475,0.0,0.0,0.0,1.0,0.0
55,0.9647773747494612,1.0910945846158187,8.34883335561999e-16,1.0809984135175805,0.0,0.0,1.0,0.0,0.0
534,-1.0819765915858162,5.7655820651734695e-15,-1.2688275236210462,-1.3281225057170865,0.0,0.0,0.0,1.0,0.0
906,-0.22728812212712896,-0.1979255512413984,-0.11263358784857784,0.042065017097630934,0.0,0.0,0.0,0.0,1.0
543,-1.1269601952415365,-1.3756633732116605,-1.3816269319890921,-1.3582365172075197,0.0,0.0,0.0,1.0,0.0
852,0.22254791443007502,0.3306654397216331,0.35736394701827906,0.47871818370891445,0.0,0.0,0.0,0.0,1.0
899,-0.834566771479354,-0.8192518037768912,-0.8176298901488632,-0.8462983218701525,0.0,0.0,1.0,0.0,0.0
338,1.6620232314131271,1.5640444186353728,1.579357537672107,1.5327085858740819,0.0,0.0,1.0,0.0,0.0
729,-0.20479632029926875,-0.08664323735444435,-0.07503378505922925,-0.04827701737366918,0.0,0.0,0.0,0.0,1.0
614,-0.4971897440614512,-0.3833960743863218,-0.366432256676681,-0.3644741380232192,0.0,0.0,1.0,0.0,0.0
382,1.5720560241016863,1.4620356309056646,1.4289583265147126,1.397195534167132,0.0,0.0,0.0,1.0,0.0
25,0.22254791443007502,0.3121183874071404,0.33856404562360437,0.41849016072804773,0.0,1.0,0.0,0.0,0.0
47,1.5945478259295467,1.42494152627668,1.4101584251200387,1.5628225973645145,0.0,0.0,0.0,1.0,0.0
698,-1.0369929879300956,-1.1716457977522452,-1.1748280166476743,-1.2829514884814361,0.0,0.0,0.0,0.0,1.0
174,-0.5871569513728918,-0.45758428364429116,-0.469831714347389,-0.45481617249451933,0.0,0.0,1.0,0.0,0.0
29,-1.1719437988972567,-1.4962192132558605,-1.5038262910544746,-1.298008494226653,0.0,1.0,0.0,0.0,0.0
59,-0.20479632029926875,-0.03100208041096692,-0.11263358784857784,0.027008011352413912,0.0,0.0,0.0,1.0,0.0
389,1.0997281857166226,1.0910945846158187,1.118759953502587,1.1863974537340978,0.0,0.0,1.0,0.0,0.0
153,0.6049085455036983,0.9519916922571259,8.34883335561999e-16,0.5690602181802146,0.0,0.0,0.0,1.0,0.0
584,1.9319248533474493,5.7655820651734695e-15,1.6921569460401527,1.7736206777975487,0.0,0.0,0.0,1.0,0.0
527,-0.22728812212712896,-0.09591676351169032,-0.16903329203260115,-0.018163005883235807,0.0,0.0,1.0,0.0,0.0
903,0.5824167436758382,0.7016064860114791,0.7333619749117641,0.7346872813775978,0.0,0.0,0.0,0.0,1.0
161,-0.9020421769629345,-1.0232693792363066,8.34883335561999e-16,-0.9516973620866697,0.0,0.0,0.0,0.0,1.0
244,-0.8795503751350744,-0.9861752746073218,-0.9680291013062576,-0.8764123333605859,0.0,0.0,0.0,0.0,1.0
694,-0.5646651495450317,-0.4668578098015371,-0.5262314185314123,-0.424702161004086,0.0,0.0,1.0,0.0,0.0
158,-0.4072225367500104,-0.2813872866566137,-0.2724327497033091,-0.21390408057105237,0.0,0.0,1.0,0.0,0.0
811,-0.09233731115996768,0.05245965500424841,0.11296522888751367,0.0721790285880643,0.0,0.0,1.0,0.0,0.0
326,0.46995773453653705,0.5068624367093097,0.5359630102676842,0.7196302756323815,0.0,1.0,0.0,0.0,0.0
941,1.054744582060902,5.7655820651734695e-15,1.0811601507132382,1.201454459479314,0.0,0.0,0.0,1.0,0.0
370,-0.22728812212712896,-0.10519028966893629,-0.0844337357565662,-0.003106000138019457,0.0,0.0,1.0,0.0,0.0
410,-0.8570585733072142,-0.8377988560913832,-0.8928294957275604,-0.9968683793223193,0.0,0.0,0.0,1.0,0.0
432,0.4924495363643973,0.7108800121687259,0.6769622707277416,0.46366117796369744,0.0,0.0,0.0,1.0,0.0
652,0.6049085455036983,0.82216232605568,0.921360988858507,0.5690602181802146,0.0,0.0,0.0,0.0,1.0
865,0.22254791443007502,0.3863065966651097,0.44196350329431316,0.41849016072804773,0.0,0.0,0.0,0.0,1.0
506,-1.1044683934136763,-1.3478427947399227,-1.4286266854757776,-1.2377804712457863,0.0,1.0,0.0,0.0,0.0
719,0.46995773453653705,0.5254094890238025,0.545362960965022,0.7648012928680304,0.0,1.0,0.0,0.0,0.0
653,-1.1269601952415365,-1.3849368993689073,-1.3722269812917542,-1.298008494226653,0.0,0.0,0.0,1.0,0.0
179,0.942285572921601,1.0169063753578493,1.024760446529216,1.0057133847914974,0.0,0.0,1.0,0.0,0.0
759,-0.22728812212712896,-0.07736971119719839,-0.06563383436189232,-0.018163005883235807,0.0,0.0,1.0,0.0,0.0
366,-0.6546323568564725,-0.6708753852609525,-0.7142304324781552,-0.40964515525886963,1.0,0.0,0.0,0.0,0.0
831,0.22254791443007502,0.40485364897960247,0.3291640949262674,0.3883761492376144,0.0,0.0,1.0,0.0,0.0
54,0.46995773453653705,0.6181447505962637,0.64876241863573,0.6443452469062977,0.0,0.0,1.0,0.0,0.0
737,-1.0145011861022355,-1.1252781669660146,-1.1278282631609888,-1.147438436774486,0.0,0.0,1.0,0.0,0.0
895,-0.6771241586843326,-0.5874136498457372,-0.648430777596795,-0.6053862299466862,0.0,0.0,1.0,0.0,0.0
168,0.8298265637822999,0.9056240614708952,0.9307609395558439,0.9906563790462811,0.0,0.0,1.0,0.0,0.0
760,-0.8795503751350744,-0.9027135391921065,-0.8928294957275604,-0.8914693391058028,0.0,0.0,1.0,0.0,0.0
691,-1.0594847897579558,-1.20873990238123,-1.2688275236210462,-1.2678944827362197,0.0,0.0,0.0,1.0,0.0
574,-1.1269601952415365,-1.32929574242543,-1.3158272771077317,-1.3431795114623029,0.0,0.0,0.0,0.0,1.0
711,-0.8795503751350744,-0.9398076438210912,-0.930429298516909,-0.9366403563414526,0.0,0.0,0.0,1.0,0.0
24,0.6049085455036983,0.7572476429549565,0.6957621721224155,0.7497442871228142,0.0,0.0,1.0,0.0,0.0
298,0.4924495363643973,0.4975889105520638,0.4043637005049646,0.7045732698871637,0.0,1.0,0.0,0.0,0.0
792,1.2346789966837837,1.2023768985027719,1.1657597069892724,1.2165114652245317,0.0,0.0,0.0,1.0,0.0
766,-0.0023701038485268453,0.12664786426221777,0.13176513028218756,0.22274908604023116,0.0,0.0,0.0,0.0,1.0
18,-0.9470257806186549,-0.9490811699783371,-0.9492291999115837,-1.147438436774486,0.0,0.0,1.0,0.0,0.0
753,-0.22728812212712896,-0.0680961850399516,-0.05623388366455538,-0.07839102886410255,0.0,0.0,1.0,0.0,0.0
312,-0.09233731115996768,0.10810081194772501,0.13176513028218756,0.13240705156893104,0.0,0.0,1.0,0.0,0.0
254,-1.0145011861022355,-1.1160046408087687,-1.1842279673450122,-1.1775524482649196,0.0,0.0,1.0,0.0,0.0
225,0.46995773453653705,0.6366918029107566,0.5641628623596959,0.6443452469062977,0.0,0.0,0.0,1.0,0.0
419,-1.0819765915858162,-1.2922016377964451,-1.2876274250157203,-1.2377804712457863,0.0,0.0,1.0,0.0,0.0
569,0.9197937710937408,5.7655820651734695e-15,0.8743612353718215,0.9454853618106307,0.0,1.0,0.0,0.0,0.0
708,0.46995773453653705,0.41412717513684844,0.3291640949262674,0.8551433273393313,1.0,0.0,0.0,0.0,0.0
222,-0.22728812212712896,0.033912602689755655,0.05656552470349038,-0.27413210355191914,0.0,1.0,0.0,0.0,0.0
683,-0.22728812212712896,-0.03100208041096692,0.00016582051946791642,-0.04827701737366918,0.0,0.0,1.0,0.0,0.0
424,0.44746593270867685,0.28429780893540246,8.34883335561999e-16,0.7045732698871637,1.0,0.0,0.0,0.0,0.0
218,-0.8120749696514938,-0.7914312253051524,-0.8458297422408749,-0.8312413161249361,0.0,0.0,0.0,1.0,0.0
770,-0.18230451847140852,-0.012455028096474991,-0.009234130177869856,0.027008011352413912,0.0,0.0,0.0,0.0,1.0
533,-1.1044683934136763,-1.3014751639536912,-1.3534270798970804,-1.298008494226653,0.0,0.0,1.0,0.0,0.0
927,-3.995346600735451e-15,1.0725475323013258,1.10936000280525,1.0809984135175805,0.0,0.0,1.0,0.0,0.0
442,1.302154402167364,1.2672915816034953,1.2221594111732959,1.2917964939506148,0.0,0.0,0.0,1.0,0.0
595,-0.8795503751350744,-0.9398076438210912,-1.0056289040956061,-0.8764123333605859,0.0,0.0,1.0,0.0,0.0
286,0.08759710346291374,0.23793017814917097,0.25396448934757027,0.2829771090210979,0.0,0.0,1.0,0.0,0.0
66,-0.024861905676387054,0.18228902120569437,0.12236517958485062,0.14746405731414738,0.0,0.0,1.0,0.0,0.0
453,-1.284402808036558,-1.6631426840862917,-1.663625452909206,-1.67443363785707,0.0,1.0,0.0,0.0,0.0
901,-1.0819765915858162,-1.227286954695722,-1.2218277701343598,-1.2829514884814361,0.0,0.0,0.0,1.0,0.0
71,0.5374331400201177,0.8499829045274178,0.827361481885136,0.5991742296706479,0.0,0.0,0.0,1.0,0.0
620,-0.6771241586843326,-0.6986959637326912,-0.7612301859648407,-0.4698731782397357,1.0,0.0,0.0,0.0,0.0
412,-0.6321405550286122,-0.6337812806319678,-0.6108309748074464,-0.4698731782397357,0.0,0.0,0.0,0.0,1.0
82,-1.2169274025529773,-1.551860370199338,-1.5508260445411604,-1.53892058615012,0.0,0.0,0.0,0.0,1.0
968,0.6274003473315586,0.7201535383259718,0.7803617283984505,0.7798582986132482,0.0,0.0,1.0,0.0,0.0
794,-0.22728812212712896,-0.04027560656821371,-0.12203353854591478,-0.24401809206148575,0.0,0.0,0.0,0.0,1.0
15,-1.2169274025529773,-1.551860370199338,-1.5790258966331718,-1.5088065746596866,0.0,0.0,1.0,0.0,0.0
910,0.22254791443007502,0.3677595443506178,0.3291640949262674,0.46366117796369744,0.0,0.0,0.0,1.0,0.0
535,-0.047353707504247264,0.1451949165767097,0.20696473586088474,0.19263507454979778,0.0,0.0,1.0,0.0,0.0
730,1.7070068350688476,1.6011385232643573,1.6451571925534672,1.5327085858740819,0.0,0.0,0.0,1.0,0.0
451,2.696646115494696,2.22246477579985,2.12455467811766,1.9693617524853653,1.0,0.0,0.0,0.0,0.0
549,0.46995773453653705,0.5995976982817718,0.5641628623596959,0.7045732698871637,0.0,0.0,1.0,0.0,0.0
404,0.5824167436758382,0.6923329598542332,0.7333619749117641,0.7798582986132482,0.0,0.0,1.0,0.0,0.0
490,-3.995346600735451e-15,1.2487445292890034,1.2973590167519928,1.2616824824601807,0.0,0.0,1.0,0.0,0.0
773,-1.0819765915858162,-1.227286954695722,-1.306427326410395,-1.2829514884814361,0.0,0.0,0.0,1.0,0.0
722,-0.13732091481568812,0.006092024218016937,-0.028034031572543732,0.11735004582371403,0.0,0.0,0.0,1.0,0.0
364,-0.5196815458893115,-0.45758428364429116,8.34883335561999e-16,-0.3644741380232192,0.0,0.0,1.0,0.0,0.0
459,0.24503971625793522,0.3306654397216331,0.366763897715616,0.49377518945413085,0.0,1.0,0.0,0.0,0.0
104,0.6948757528151391,0.7294270644832178,0.639362467938393,0.8400863215941149,0.0,0.0,0.0,0.0,1.0
268,-1.194435600725117,-1.4962192132558605,-1.5132262417518116,-1.4786925631692533,0.0,0.0,1.0,0.0,0.0
826,2.1118592679703307,1.9071648864534807,1.8143563051055354,1.6832786433262479,0.0,1.0,0.0,0.0,0.0
651,0.6049085455036983,0.8499829045274178,0.8837611860691584,0.6594022526515146,0.0,0.0,0.0,1.0,0.0
241,-3.995346600735451e-15,-0.605960702160229,-0.7048304817808174,-0.515044195475386,0.0,0.0,1.0,0.0,0.0
430,-0.4522061404057308,-0.253566708184875,-0.31943250318999467,-0.34941713227800286,0.0,0.0,0.0,1.0,0.0
709,1.0772363838887622,1.081821058458572,1.024760446529216,1.0960554192627983,0.0,0.0,0.0,1.0,0.0
203,0.942285572921601,0.9890857968861105,1.0623602493185644,1.0659414077723641,0.0,0.0,1.0,0.0,0.0
902,-0.6771241586843326,5.7655820651734695e-15,-0.6766306296888066,-0.5451582069658194,0.0,1.0,0.0,0.0,0.0
96,1.5720560241016863,1.42494152627668,1.4477582279093872,1.3520245169314815,0.0,1.0,0.0,0.0,0.0
467,-0.20479632029926875,-0.021728554253720955,0.00016582051946791642,-0.018163005883235807,0.0,0.0,1.0,0.0,0.0
587,-0.22728812212712896,-0.10519028966893629,-0.07503378505922925,-0.003106000138019457,0.0,0.0,1.0,0.0,0.0
492,2.8315969264618572,2.176097145013619,2.1527545302096724,2.2554448616444813,0.0,0.0,0.0,1.0,0.0
166,-0.6771241586843326,-0.6430548067892138,-0.6296308762021203,-0.5903292242014692,0.0,0.0,1.0,0.0,0.0
615,-1.1269601952415365,-1.3571163208971686,8.34883335561999e-16,-1.3431795114623029,0.0,0.0,1.0,0.0,0.0
796,0.44746593270867685,5.7655820651734695e-15,0.5923627144517075,0.5389462066897812,0.0,0.0,0.0,1.0,0.0
315,0.4924495363643973,0.5717771198100331,0.5923627144517075,0.7798582986132482,0.0,1.0,0.0,0.0,0.0
361,-0.9695175824465152,-1.0418164315507992,-1.1184283124636518,-1.0570964023031861,0.0,0.0,0.0,1.0,0.0
138,-1.0145011861022355,-1.1252781669660146,8.34883335561999e-16,-1.1173244252840528,0.0,0.0,0.0,1.0,0.0
276,2.764121520978276,2.2966529850578197,2.237354086485707,-4.680657648870788e-15,0.0,0.0,0.0,1.0,0.0
384,-0.5871569513728918,-0.4390372313297984,-0.3946321087686918,-0.5752722184562529,0.0,0.0,0.0,0.0,1.0
767,0.9197937710937408,0.9148975876281412,0.9589607916478556,1.0659414077723641,0.0,0.0,0.0,0.0,1.0
88,-0.8570585733072142,-0.8748929607203678,-0.8552296929382118,-0.8914693391058028,0.0,0.0,1.0,0.0,0.0
769,0.4924495363643973,0.6552388552252484,0.6675623200304047,0.6292882411610813,0.0,0.0,1.0,0.0,0.0
280,0.9197937710937408,0.8592564306846646,0.7897616790957874,1.1111124250080147,1.0,0.0,0.0,0.0,0.0
460,2.921564133773298,2.3152000373723114,2.2655539385777175,2.2554448616444813,1.0,0.0,0.0,0.0,0.0
599,-0.9470257806186549,-1.0047223269218146,-1.0902284603716403,-1.0721534080484032,0.0,0.0,0.0,1.0,0.0
841,-0.9020421769629345,-0.9490811699783371,-0.930429298516909,-0.981811373577103,0.0,0.0,0.0,1.0,0.0
937,0.22254791443007502,0.5439565413382944,0.6017626651490445,0.027008011352413912,1.0,0.0,0.0,0.0,0.0
202,1.7744822405524283,1.6196855755788493,1.673357044645478,1.6381076260905976,0.0,0.0,0.0,0.0,1.0
402,-1.1269601952415365,-1.3942104255261534,-1.400426833383766,-1.2678944827362197,0.0,1.0,0.0,0.0,0.0
340,1.1447117893723429,1.174556320031034,1.1281599041999246,1.156283442243665,0.0,0.0,0.0,1.0,0.0
365,0.44746593270867685,0.6366918029107566,0.64876241863573,0.5690602181802146,0.0,0.0,1.0,0.0,0.0
23,-1.1044683934136763,-1.2736545854819532,-1.3722269812917542,-1.3281225057170865,0.0,0.0,0.0,1.0,0.0
345,0.46995773453653705,0.6366918029107566,0.5829627637543706,0.6292882411610813,0.0,0.0,1.0,0.0,0.0
905,2.7191379173225556,2.2781059327433275,2.2561539878803805,2.165102827173182,0.0,1.0,0.0,0.0,0.0
334,0.26753151808579545,0.40485364897960247,0.366763897715616,0.47871818370891445,0.0,0.0,1.0,0.0,0.0
310,-0.6771241586843326,-0.6523283329464605,-0.5920310734127717,-0.6656142529275529,0.0,0.0,0.0,0.0,1.0
873,-1.1269601952415365,-1.3571163208971686,-1.3440271291997434,-4.680657648870788e-15,0.0,0.0,1.0,0.0,0.0
353,2.7191379173225556,1.8422502033527575,1.7579566009215128,2.390957913351431,0.0,0.0,1.0,0.0,0.0
925,0.5374331400201177,0.7757946952694484,0.7427619256091019,0.674459258396731,0.0,0.0,0.0,1.0,0.0
240,2.764121520978276,2.2873794589005736,2.350153494853752,1.9543047467401475,0.0,0.0,0.0,0.0,1.0
318,0.8073347619544398,0.8036152737411871,0.8555613339771476,0.9304283560654144,0.0,0.0,0.0,0.0,1.0
712,2.02189206065889,1.879344307981742,1.8519561078948839,1.5025945743836477,0.0,0.0,0.0,1.0,0.0
262,1.6170396277574068,1.4713091570629107,1.4571581786067243,1.5628225973645145,0.0,0.0,0.0,1.0,0.0
98,-0.6321405550286122,-0.5874136498457372,-0.6390308268994581,-0.4698731782397357,0.0,0.0,0.0,0.0,1.0
717,-0.6771241586843326,-0.5874136498457372,-0.5920310734127717,-0.6355002414371196,0.0,0.0,1.0,0.0,0.0
866,-0.9695175824465152,-1.0418164315507992,-1.0432287068849548,-1.0420393965579697,0.0,0.0,1.0,0.0,0.0
839,-0.1148291129878279,0.0802802334759863,0.1035652781901759,-0.018163005883235807,0.0,0.0,1.0,0.0,0.0
89,0.46995773453653705,0.6645123813824952,0.6017626651490445,0.6594022526515146,0.0,0.0,0.0,1.0,0.0
515,-0.13732091481568812,-0.0031815019392290277,0.037765623308816505,0.011951005607197562,0.0,0.0,0.0,0.0,1.0
331,-3.995346600735451e-15,-1.0047223269218146,-0.9962289533982692,-0.8011273046345028,0.0,1.0,0.0,0.0,0.0
781,1.054744582060902,1.0169063753578493,1.0435603479238897,1.156283442243665,0.0,0.0,1.0,0.0,0.0
433,-3.995346600735451e-15,2.1019089357556493,2.039955121841627,2.0597037869566646,0.0,0.0,0.0,1.0,0.0
897,1.054744582060902,1.081821058458572,1.0059605451345413,1.1111124250080147,0.0,0.0,0.0,1.0,0.0
702,0.5824167436758382,0.7943417475839412,0.7333619749117641,0.7045732698871637,0.0,0.0,1.0,0.0,0.0
486,-1.1269601952415365,-1.3756633732116605,-1.3722269812917542,-1.3431795114623029,0.0,0.0,0.0,1.0,0.0
617,0.4924495363643973,0.6366918029107566,0.6863622214250786,0.6292882411610813,0.0,0.0,0.0,0.0,1.0
807,-1.1269601952415365,-1.310748690110938,-1.3816269319890921,-1.298008494226653,0.0,0.0,1.0,0.0,0.0
724,-1.2619110062086976,-1.6631426840862917,-1.654225502211869,-1.6292626206214194,0.0,0.0,1.0,0.0,0.0
260,-0.6321405550286122,-0.5503195452167524,-0.5262314185314123,-0.6204432356919025,0.0,0.0,1.0,0.0,0.0
305,-1.1269601952415365,-1.3942104255261534,-1.400426833383766,-1.3582365172075197,0.0,0.0,1.0,0.0,0.0
196,0.942285572921601,0.9334446399426332,0.9871606437398673,1.0809984135175805,0.0,0.0,1.0,0.0,0.0
140,2.02189206065889,1.777335520252034,8.34883335561999e-16,1.8489057065236318,0.0,0.0,1.0,0.0,0.0
594,0.5824167436758382,0.7850682214266952,0.7615618270037757,0.674459258396731,0.0,0.0,1.0,0.0,0.0
122,1.0097609784051815,0.9241711137853872,0.8743612353718215,1.1412264364984472,0.0,1.0,0.0,0.0,0.0
494,0.9197937710937408,1.0447269538295871,1.0717602000159014,0.9906563790462811,0.0,0.0,0.0,0.0,1.0
110,0.8973019692658806,0.9056240614708952,0.8555613339771476,1.0358273962819315,0.0,0.0,0.0,0.0,1.0
84,-0.22728812212712896,-0.17937849892690563,-0.1408334399405895,-0.0633340231188862,0.0,1.0,0.0,0.0,0.0
644,-1.1494519970693966,-1.459125108626876,-1.4568265375677885,-1.373293522952736,0.0,1.0,0.0,0.0,0.0
513,-0.9020421769629345,-0.9583546961355831,-0.921029347819572,-0.966754367831886,0.0,0.0,1.0,0.0,0.0
482,-0.9020421769629345,-1.0047223269218146,-1.0808285096743033,-0.8914693391058028,0.0,1.0,0.0,0.0,0.0
680,-0.6771241586843326,-0.7172430160471831,-0.7048304817808174,-0.5752722184562529,0.0,1.0,0.0,0.0,0.0
894,0.46995773453653705,0.6552388552252484,0.6111626158463814,0.41849016072804773,0.0,0.0,0.0,1.0,0.0
74,-3.995346600735451e-15,1.9813530957114502,1.936555664170918,1.6079936146001648,0.0,0.0,0.0,1.0,0.0
928,-1.0594847897579558,-1.2365604808529687,-1.2500276222263715,-1.1926094540101366,0.0,0.0,1.0,0.0,0.0
707,-0.22728812212712896,-0.03100208041096692,-0.06563383436189232,-0.003106000138019457,0.0,0.0,0.0,1.0,0.0
273,0.22254791443007502,0.34921249203612503,0.2821643414395819,0.4335471664732641,0.0,0.0,0.0,1.0,0.0
396,-0.9020421769629345,-1.0047223269218146,-1.0714285589769663,-0.9215833505962363,0.0,0.0,0.0,0.0,1.0
154,-0.5421733477171714,-0.37412254822907504,-0.33823240458466935,-0.5451582069658194,0.0,1.0,0.0,0.0,0.0
191,0.46995773453653705,0.6088712244390178,0.545362960965022,0.6895162641419474,0.0,0.0,0.0,1.0,0.0
889,-0.8120749696514938,-0.7914312253051524,-0.8458297422408749,-0.8764123333605859,0.0,0.0,0.0,1.0,0.0
187,-1.284402808036558,-1.7836985241304921,-1.7764248612772513,-1.6593766321118528,0.0,0.0,0.0,0.0,1.0
50,-1.0369929879300956,-1.2180134285384758,-1.2218277701343598,-1.1624954425197032,0.0,0.0,1.0,0.0,0.0
38,-1.1269601952415365,-1.4127574778406453,-1.4192267347784406,-1.3130654999718694,0.0,0.0,0.0,0.0,1.0
418,0.44746593270867685,0.6366918029107566,0.5641628623596959,0.6594022526515146,0.0,0.0,1.0,0.0,0.0
850,-1.0594847897579558,-1.2551075331674606,-1.2782274743183832,-1.1624954425197032,0.0,0.0,0.0,0.0,1.0
208,0.6049085455036983,0.82216232605568,8.34883335561999e-16,0.6895162641419474,0.0,0.0,0.0,1.0,0.0
375,0.4924495363643973,0.6552388552252484,0.6675623200304047,0.584117223925431,0.0,0.0,1.0,0.0,0.0
463,-1.0819765915858162,-1.2643810593247065,-1.2688275236210462,-1.1926094540101366,0.0,0.0,1.0,0.0,0.0
470,2.8091051246339966,2.1668236188563728,2.1997542836963575,2.3156728846253483,0.0,0.0,0.0,0.0,1.0
517,-0.8795503751350744,-0.9119870653493525,-0.9022294464248973,-0.9366403563414526,0.0,0.0,0.0,1.0,0.0
75,0.672383950987279,0.7943417475839412,0.817961531187799,0.8250293158488973,0.0,0.0,1.0,0.0,0.0
248,-0.9020421769629345,-0.9490811699783371,-1.0150288547929431,-0.9065263448510192,0.0,0.0,1.0,0.0,0.0
559,-0.6771241586843326,-0.5595930713739984,-0.6296308762021203,-0.740899281653636,0.0,0.0,0.0,0.0,1.0
302,-0.8120749696514938,-0.8285253299341372,-0.8928294957275604,-0.740899281653636,0.0,0.0,0.0,0.0,1.0
582,-0.22728812212712896,-0.021728554253720955,-0.009234130177869856,-0.018163005883235807,0.0,0.0,1.0,0.0,0.0
716,-0.9245339787907947,-1.0139958530790605,-1.0150288547929431,-0.966754367831886,0.0,0.0,1.0,0.0,0.0
924,0.9872691765773214,1.0076328492006026,1.0341603972265527,1.0659414077723641,0.0,0.0,1.0,0.0,0.0
11,-3.995346600735451e-15,1.526950314006388,1.5887574883694437,1.547765591619298,0.0,0.0,0.0,0.0,1.0
485,2.1343510697981913,1.7958825725665268,1.83315620650021,1.8489057065236318,0.0,0.0,1.0,0.0,0.0
462,-0.5196815458893115,-0.4019431267008137,-0.4510318129527151,-0.40964515525886963,0.0,0.0,1.0,0.0,0.0
946,-1.1269601952415365,-1.431304530155138,8.34883335561999e-16,-1.373293522952736,0.0,0.0,0.0,1.0,0.0
627,-0.5421733477171714,-0.5039519144305218,-0.4510318129527151,-0.40964515525886963,0.0,0.0,0.0,1.0,0.0
281,-0.06984550933210748,0.11737433810497098,0.13176513028218756,0.10229304007849767,0.0,0.0,1.0,0.0,0.0
253,0.46995773453653705,0.43267422745134115,0.4983632074783357,0.7346872813775978,0.0,1.0,0.0,0.0,0.0
953,-0.06984550933210748,0.13592139041946374,0.15056503167686228,0.16252106305936442,0.0,0.0,1.0,0.0,0.0
778,-0.7670913659957734,-0.7357900683616758,-0.7988299887541893,-0.740899281653636,0.0,0.0,1.0,0.0,0.0
885,0.24503971625793522,0.40485364897960247,0.4137636512023015,0.4486041722184811,0.0,0.0,0.0,0.0,1.0
577,0.9647773747494612,5.7655820651734695e-15,1.0341603972265527,1.0659414077723641,0.0,0.0,1.0,0.0,0.0
219,-0.5421733477171714,-0.4112166528580597,-0.4040320594660296,-0.45481617249451933,0.0,0.0,1.0,0.0,0.0
425,-1.284402808036558,-1.672416210243538,-1.6918253050012173,-1.6894906436022863,0.0,0.0,0.0,0.0,1.0
369,-0.6546323568564725,-0.596687176002983,8.34883335561999e-16,-0.4999871897301691,0.0,0.0,0.0,0.0,1.0
669,0.46995773453653705,0.5346830151810484,0.5547629116623589,0.6895162641419474,0.0,1.0,0.0,0.0,0.0
69,0.8973019692658806,1.0261799015150952,0.9777606930425303,0.9605423675558484,0.0,0.0,1.0,0.0,0.0
950,-1.1269601952415365,-1.3663898470544147,-1.4192267347784406,-1.3130654999718694,0.0,0.0,0.0,1.0,0.0
580,-0.5196815458893115,-0.44831075748704435,-0.5168314678340745,-0.3795311437684363,0.0,0.0,0.0,1.0,0.0
21,-1.0819765915858162,-1.2643810593247065,-1.2782274743183832,-1.2678944827362197,0.0,0.0,1.0,0.0,0.0
77,1.5720560241016863,1.2580180554462492,1.2409593125679697,1.6531646318358153,0.0,0.0,1.0,0.0,0.0
547,0.9197937710937408,0.9983593230433565,0.9495608409505187,1.0358273962819315,0.0,0.0,1.0,0.0,0.0
963,0.8973019692658806,5.7655820651734695e-15,0.827361481885136,1.0057133847914974,0.0,0.0,0.0,0.0,1.0
918,-0.8795503751350744,-0.9676282222928299,8.34883335561999e-16,-0.8312413161249361,0.0,1.0,0.0,0.0,0.0
125,0.44746593270867685,0.5068624367093097,0.5641628623596959,0.6142312354158643,0.0,0.0,0.0,0.0,1.0
228,-0.22728812212712896,0.12664786426221777,0.07536542609816509,-0.183790069080619,0.0,0.0,0.0,1.0,0.0
42,0.24503971625793522,0.43267422745134115,0.47016335538632487,0.3281481262567476,0.0,0.0,0.0,0.0,1.0
516,-0.6546323568564725,-0.6616018591037065,8.34883335561999e-16,-0.5602152127110358,0.0,0.0,0.0,0.0,1.0
572,0.46995773453653705,0.5810506459672791,0.6111626158463814,0.41849016072804773,0.0,0.0,0.0,0.0,1.0
576,-0.15981271664354832,-0.0031815019392290277,0.02836567261147873,0.042065017097630934,0.0,0.0,1.0,0.0,0.0
810,-0.9920093842743753,-1.1067311146515217,8.34883335561999e-16,-1.0721534080484032,0.0,0.0,0.0,0.0,1.0
621,-0.22728812212712896,-0.10519028966893629,-0.15023339063792643,0.042065017097630934,0.0,0.0,0.0,0.0,1.0
374,0.44746593270867685,0.6088712244390178,0.545362960965022,0.6142312354158643,0.0,0.0,1.0,0.0,0.0
205,-1.0594847897579558,-1.2365604808529687,-1.203027868739686,-1.2528374769910027,0.0,0.0,0.0,0.0,1.0
951,-1.1269601952415365,-1.431304530155138,-1.4380266361731144,-1.3130654999718694,0.0,1.0,0.0,0.0,0.0
961,-0.29476352761070934,5.7655820651734695e-15,-0.12203353854591478,-0.19884707482583602,0.0,0.0,1.0,0.0,0.0
6,2.1343510697981913,1.8700707818244962,1.8519561078948839,1.8489057065236318,0.0,0.0,1.0,0.0,0.0
493,-1.1269601952415365,-1.320022216268184,-1.3158272771077317,-1.3130654999718694,0.0,0.0,1.0,0.0,0.0
689,0.46995773453653705,0.6366918029107566,0.6769622707277416,0.584117223925431,0.0,0.0,0.0,0.0,1.0
915,-0.9020421769629345,5.7655820651734695e-15,-0.930429298516909,-0.9366403563414526,0.0,0.0,0.0,0.0,1.0
742,-1.194435600725117,-1.4683986347841227,-1.4756264389624631,-1.4335215459336028,0.0,0.0,0.0,0.0,1.0
713,-1.1719437988972567,-1.4498515824696299,-1.4474265868704514,-1.4485785516788199,0.0,0.0,1.0,0.0,0.0
259,-0.18230451847140852,-0.012455028096474991,0.00016582051946791642,0.011951005607197562,0.0,0.0,1.0,0.0,0.0
282,-0.20479632029926875,-0.0031815019392290277,-0.0844337357565662,-0.0934480346093189,0.0,0.0,0.0,1.0,0.0
634,0.672383950987279,0.8963505353136493,0.8555613339771476,0.7497442871228142,0.0,0.0,0.0,1.0,0.0
590,-0.4971897440614512,-0.42976370517255247,-0.41343201016336656,-0.34941713227800286,0.0,0.0,1.0,0.0,0.0
856,-1.0594847897579558,-1.2180134285384758,-1.2688275236210462,-1.1624954425197032,0.0,0.0,1.0,0.0,0.0
944,-0.9020421769629345,-1.0047223269218146,-0.9962289533982692,-0.9215833505962363,0.0,0.0,0.0,1.0,0.0
455,0.7398593564708591,0.8963505353136493,0.8461613832798098,0.8551433273393313,0.0,0.0,0.0,1.0,0.0
320,-1.1044683934136763,-1.2829281116391993,-1.2876274250157203,-1.2528374769910027,0.0,0.0,1.0,0.0,0.0
434,-0.9020421769629345,-0.9398076438210912,-1.0056289040956061,-0.9968683793223193,0.0,0.0,0.0,1.0,0.0
663,1.841957646036009,1.6289591017360954,1.560557636277433,1.6381076260905976,0.0,0.0,0.0,1.0,0.0
299,0.46995773453653705,0.6645123813824952,0.6205625665437192,0.584117223925431,0.0,0.0,0.0,1.0,0.0
436,0.8973019692658806,1.0447269538295871,0.9965605944372042,0.9906563790462811,0.0,0.0,1.0,0.0,0.0
675,0.6948757528151391,0.6088712244390178,0.5735628130570328,0.885257338829764,1.0,0.0,0.0,0.0,0.0
787,-0.6546323568564725,-0.5410460190595064,8.34883335561999e-16,-0.5903292242014692,0.0,0.0,1.0,0.0,0.0
438,-0.8795503751350744,-0.9305341176638452,-0.921029347819572,-0.9065263448510192,0.0,0.0,0.0,0.0,1.0
325,-0.20479632029926875,-0.14228439429792097,-0.2254329962166236,0.027008011352413912,0.0,1.0,0.0,0.0,0.0
403,-1.0145011861022355,-1.0881840623370298,-1.1466281645556635,-1.207666459755353,0.0,0.0,0.0,1.0,0.0
265,0.5149413381922575,0.5161359628665565,0.4513634539916501,0.8702003330845476,1.0,0.0,0.0,0.0,0.0
564,-0.8570585733072142,-0.8656194345631218,-0.921029347819572,-0.8764123333605859,0.0,0.0,1.0,0.0,0.0
602,-0.20479632029926875,-0.021728554253720955,-0.0844337357565662,-0.018163005883235807,0.0,0.0,0.0,0.0,1.0
790,0.6049085455036983,0.7665211691122025,0.7239620242144271,0.7346872813775978,0.0,0.0,1.0,0.0,0.0
278,0.4924495363643973,0.6274182767535106,0.5923627144517075,0.5991742296706479,0.0,0.0,0.0,1.0,0.0
655,-1.1044683934136763,-1.2736545854819532,-1.3534270798970804,-1.298008494226653,0.0,0.0,1.0,0.0,0.0
735,-3.995346600735451e-15,-1.310748690110938,-1.3158272771077317,-1.2528374769910027,0.0,0.0,1.0,0.0,0.0
553,0.24503971625793522,0.46976833208032504,0.5077631581756734,0.34320513200196395,0.0,0.0,0.0,0.0,1.0
868,1.1447117893723429,1.2023768985027719,1.1469598055945986,1.156283442243665,0.0,0.0,1.0,0.0,0.0
920,1.0097609784051815,1.174556320031034,1.1469598055945986,1.0358273962819315,0.0,0.0,1.0,0.0,0.0
870,-0.22728812212712896,-0.08664323735444435,-0.05623388366455538,-0.04827701737366918,0.0,0.0,1.0,0.0,0.0
231,0.46995773453653705,0.6923329598542332,0.7239620242144271,0.6443452469062977,0.0,0.0,1.0,0.0,0.0
245,0.5599249418479779,0.7016064860114791,0.7521618763064388,0.7196302756323815,0.0,0.0,0.0,1.0,0.0
167,-1.0594847897579558,-1.2458340070102145,-1.297027375713057,-1.1926094540101366,0.0,0.0,0.0,1.0,0.0
502,-0.22728812212712896,-0.10519028966893629,-0.07503378505922925,0.011951005607197562,0.0,0.0,0.0,0.0,1.0
332,-0.834566771479354,-0.8377988560913832,-0.8364297915435379,-4.680657648870788e-15,0.0,0.0,1.0,0.0,0.0
782,-1.0819765915858162,-1.320022216268184,-1.3628270305944172,-1.1926094540101366,0.0,1.0,0.0,0.0,0.0
426,-1.1269601952415365,-1.3478427947399227,-1.3534270798970804,-1.2829514884814361,0.0,0.0,1.0,0.0,0.0
541,0.6274003473315586,0.7201535383259718,8.34883335561999e-16,0.7798582986132482,0.0,0.0,1.0,0.0,0.0
162,0.44746593270867685,0.5439565413382944,0.6111626158463814,0.6895162641419474,0.0,0.0,0.0,0.0,1.0
149,-0.6546323568564725,-0.5410460190595064,-0.5074315171367376,-0.6656142529275529,0.0,0.0,1.0,0.0,0.0
226,-0.18230451847140852,0.015365550375263725,0.02836567261147873,-0.018163005883235807,0.0,0.0,1.0,0.0,0.0
685,-1.0819765915858162,-1.2551075331674606,-1.3252272278050687,-1.2829514884814361,0.0,0.0,0.0,1.0,0.0
94,0.46995773453653705,5.7655820651734695e-15,0.64876241863573,0.6292882411610813,0.0,0.0,1.0,0.0,0.0
221,0.46995773453653705,0.5346830151810484,0.5641628623596959,0.6895162641419474,0.0,0.0,0.0,0.0,1.0
597,1.5720560241016863,1.2580180554462492,1.2973590167519928,1.4122525399123482,0.0,1.0,0.0,0.0,0.0
699,0.8973019692658806,0.9148975876281412,0.9589607916478556,1.0659414077723641,0.0,0.0,0.0,0.0,1.0
473,0.9197937710937408,1.0261799015150952,1.0059605451345413,0.9605423675558484,0.0,0.0,1.0,0.0,0.0
947,-1.1044683934136763,-1.2922016377964451,-1.2782274743183832,-1.2829514884814361,0.0,0.0,1.0,0.0,0.0
601,2.2018264752817718,2.009173674183188,1.9647555162629298,1.6832786433262479,0.0,0.0,0.0,1.0,0.0
847,-1.0819765915858162,-1.2551075331674606,-1.3252272278050687,-1.207666459755353,0.0,0.0,1.0,0.0,0.0
34,0.44746593270867685,0.7294270644832178,0.6675623200304047,0.6142312354158643,0.0,0.0,0.0,1.0,0.0
217,-0.22728812212712896,-0.021728554253720955,0.009565771216804854,-0.0633340231188862,0.0,0.0,0.0,1.0,0.0
72,1.5945478259295467,1.295112160075234,1.2315593618706326,1.6531646318358153,1.0,0.0,0.0,0.0,0.0
220,-1.2169274025529773,-1.5240397917275994,-1.5132262417518116,-1.6142056148762032,0.0,0.0,0.0,1.0,0.0
213,1.5720560241016863,1.3971209478049413,1.4477582279093872,1.2616824824601807,0.0,1.0,0.0,0.0,0.0
942,-0.8795503751350744,-0.9305341176638452,-0.9116293971222351,-0.9215833505962363,0.0,0.0,1.0,0.0,0.0
394,0.6049085455036983,0.8499829045274178,0.7803617283984505,0.7497442871228142,0.0,0.0,1.0,0.0,0.0
935,-0.8570585733072142,-0.8470723822486299,-0.8928294957275604,-0.8613553276153695,0.0,0.0,1.0,0.0,0.0
367,-0.6546323568564725,-0.5503195452167524,8.34883335561999e-16,-0.5903292242014692,0.0,0.0,1.0,0.0,0.0
12,-0.18230451847140852,-0.05882265888270564,-0.05623388366455538,0.042065017097630934,0.0,0.0,1.0,0.0,0.0
822,0.7623511582987194,0.8685299568419106,0.8931611367664962,0.8702003330845476,0.0,0.0,1.0,0.0,0.0
343,0.8073347619544398,0.8870770091564025,0.921360988858507,0.9304283560654144,0.0,0.0,1.0,0.0,0.0
198,0.44746593270867685,0.5717771198100331,0.4889632567809987,0.5690602181802146,0.0,0.0,0.0,1.0,0.0
725,-0.6096487532007521,-0.5039519144305218,-0.5074315171367376,-0.4849301839849527,0.0,0.0,0.0,0.0,1.0
696,-1.1269601952415365,-1.320022216268184,-1.3346271785024058,-1.3582365172075197,0.0,0.0,1.0,0.0,0.0
234,1.6620232314131271,1.4342150524339259,1.4571581786067243,1.472480562893215,0.0,0.0,0.0,1.0,0.0
695,0.5374331400201177,0.7387005906404638,0.7615618270037757,0.5540032124349976,0.0,0.0,0.0,0.0,1.0
420,0.6049085455036983,0.8407093783701718,0.8555613339771476,0.6895162641419474,0.0,0.0,0.0,0.0,1.0
803,0.26753151808579545,0.41412717513684844,0.4607634046889871,0.5088321951993479,0.0,0.0,0.0,1.0,0.0
849,-0.09233731115996768,0.04318612884700162,0.08476537679550203,0.13240705156893104,0.0,0.0,1.0,0.0,0.0
608,-3.995346600735451e-15,0.7943417475839412,0.7521618763064388,0.5389462066897812,0.0,0.0,0.0,1.0,0.0
761,-0.8570585733072142,-0.8285253299341372,-0.8834295450302234,-0.9065263448510192,0.0,0.0,0.0,1.0,0.0
297,-0.6321405550286122,-0.605960702160229,-0.5920310734127717,-0.5602152127110358,0.0,0.0,0.0,0.0,1.0
63,-0.4971897440614512,-0.29993433897110566,-0.2724327497033091,-0.40964515525886963,0.0,0.0,0.0,0.0,1.0
734,3.011531341084739,2.426482351259266,2.3877532976431013,2.240387855899265,0.0,0.0,0.0,1.0,0.0
607,-1.2169274025529773,-1.5333133178848453,-1.5790258966331718,-1.4937495689144695,0.0,0.0,1.0,0.0,0.0
13,-0.834566771479354,-0.9119870653493525,-0.8740295943328865,-0.740899281653636,0.0,0.0,0.0,0.0,1.0
435,0.44746593270867685,0.5810506459672791,0.4607634046889871,0.6895162641419474,0.0,0.0,0.0,0.0,1.0
17,-0.9020421769629345,5.7655820651734695e-15,-1.0338287561876178,-0.8613553276153695,0.0,0.0,0.0,0.0,1.0
764,-1.1044683934136763,-1.338569268582676,-1.3628270305944172,-1.2227234655005692,0.0,1.0,0.0,0.0,0.0
799,-1.0594847897579558,-1.2829281116391993,-1.3346271785024058,-1.1926094540101366,0.0,0.0,0.0,0.0,1.0
758,1.6170396277574068,1.4805826832201574,1.4477582279093872,1.5327085858740819,0.0,0.0,1.0,0.0,0.0
348,1.5720560241016863,1.3414797908614646,1.2597592139626443,1.5327085858740819,0.0,1.0,0.0,0.0,0.0
207,0.7173675546429994,0.8407093783701718,0.8743612353718215,0.8702003330845476,0.0,0.0,0.0,0.0,1.0
90,-1.1269601952415365,-1.3571163208971686,-1.3534270798970804,-1.3582365172075197,0.0,0.0,1.0,0.0,0.0
307,2.696646115494696,5.7655820651734695e-15,2.1903543329990205,1.999475763975798,0.0,1.0,0.0,0.0,0.0
341,0.24503971625793522,0.33993896587887906,0.39496374980762766,0.4486041722184811,0.0,0.0,0.0,0.0,1.0
380,0.46995773453653705,0.6088712244390178,0.639362467938393,0.6594022526515146,0.0,0.0,1.0,0.0,0.0
344,1.167203591200203,1.165282793873787,1.203359509778621,1.0659414077723641,0.0,0.0,0.0,0.0,1.0
471,-1.0594847897579558,-1.2551075331674606,-1.2688275236210462,-1.13238143102927,0.0,1.0,0.0,0.0,0.0
779,2.02189206065889,1.7216943633085573,1.7767565023161869,1.6682216375810317,0.0,0.0,1.0,0.0,0.0
551,-0.22728812212712896,-0.09591676351169032,-0.07503378505922925,-0.07839102886410255,0.0,0.0,0.0,0.0,1.0
598,-0.4072225367500104,-0.23501965587038307,-0.2254329962166236,-0.27413210355191914,0.0,0.0,1.0,0.0,0.0
693,-1.1044683934136763,-1.2643810593247065,-1.2782274743183832,-1.4335215459336028,0.0,1.0,0.0,0.0,0.0
32,-0.5196815458893115,-0.3833960743863218,-0.4510318129527151,-0.424702161004086,0.0,0.0,1.0,0.0,0.0
908,0.9197937710937408,1.1096416369303106,1.1751596576866101,0.915371350320198,0.0,0.0,0.0,0.0,1.0
657,-1.0369929879300956,5.7655820651734695e-15,-1.212427819437023,-1.1022674195388364,0.0,0.0,1.0,0.0,0.0
670,-1.1044683934136763,-1.3014751639536912,-1.297027375713057,-1.2829514884814361,0.0,0.0,1.0,0.0,0.0
172,-1.0594847897579558,-1.20873990238123,-1.212427819437023,-1.298008494226653,0.0,0.0,0.0,0.0,1.0
860,-0.20479632029926875,-0.049549132725459674,-0.018634080875206793,0.011951005607197562,0.0,0.0,1.0,0.0,0.0
825,-0.22728812212712896,-0.10519028966893629,-0.07503378505922925,-0.003106000138019457,0.0,0.0,1.0,0.0,0.0
408,-0.22728812212712896,0.09882728579047904,0.1599649823741992,-0.16873306333540267,0.0,0.0,0.0,0.0,1.0
922,-0.15981271664354832,-0.04027560656821371,-0.028034031572543732,0.027008011352413912,0.0,0.0,0.0,0.0,1.0
877,-0.20479632029926875,-0.03100208041096692,-0.018634080875206793,-0.018163005883235807,0.0,0.0,1.0,0.0,0.0
200,-0.9920093842743753,-1.1067311146515217,-1.109028361766315,-1.1022674195388364,0.0,0.0,1.0,0.0,0.0
292,-3.995346600735451e-15,-0.09591676351169032,-0.15963334133526336,0.011951005607197562,0.0,0.0,0.0,0.0,1.0
583,-0.9020421769629345,-0.9676282222928299,-0.9774290520035945,-0.9516973620866697,0.0,0.0,1.0,0.0,0.0
840,2.606678908183255,1.6938737848368186,1.673357044645478,2.240387855899265,1.0,0.0,0.0,0.0,0.0
510,0.22254791443007502,0.4512212797658331,0.39496374980762766,0.2378060917854475,0.0,0.0,0.0,1.0,0.0
884,-0.7895831678236336,-0.7172430160471831,-0.7612301859648407,-0.8011273046345028,0.0,0.0,1.0,0.0,0.0
818,-1.1269601952415365,-1.3663898470544147,-1.3722269812917542,-1.3431795114623029,0.0,0.0,1.0,0.0,0.0
854,1.054744582060902,1.0540004799868339,1.0999600521079131,1.1261694307532308,0.0,0.0,1.0,0.0,0.0
945,-0.5646651495450317,-0.45758428364429116,-0.4416318622553782,-0.4999871897301691,0.0,0.0,1.0,0.0,0.0
932,-0.6771241586843326,5.7655820651734695e-15,-0.7048304817808174,-0.515044195475386,0.0,0.0,0.0,0.0,1.0
489,0.7173675546429994,0.7572476429549565,0.7803617283984505,0.8702003330845476,0.0,0.0,0.0,0.0,1.0
851,2.02189206065889,1.7031473109940647,1.6545571432508042,1.758563672052331,0.0,0.0,0.0,1.0,0.0
846,0.5149413381922575,0.7850682214266952,0.7051621228197533,0.6594022526515146,0.0,0.0,0.0,1.0,0.0
133,-0.6546323568564725,-0.6337812806319678,-0.742430284570166,-0.5752722184562529,0.0,0.0,0.0,1.0,0.0
60,-1.1269601952415365,-1.4220310039978912,-1.4192267347784406,-1.2829514884814361,0.0,1.0,0.0,0.0,0.0
690,-1.1044683934136763,-1.2829281116391993,-1.2876274250157203,-1.2829514884814361,0.0,0.0,1.0,0.0,0.0
26,-0.20479632029926875,-0.0031815019392290277,-0.0844337357565662,-0.04827701737366918,0.0,0.0,1.0,0.0,0.0
100,-3.995346600735451e-15,-1.2736545854819532,-1.3346271785024058,-1.373293522952736,0.0,0.0,1.0,0.0,0.0
531,0.4924495363643973,0.5532300674955412,0.5829627637543706,0.6895162641419474,0.0,0.0,0.0,0.0,1.0
588,0.5824167436758382,0.6923329598542332,0.6017626651490445,0.8250293158488973,0.0,0.0,0.0,0.0,1.0
967,1.3696298076509446,1.4805826832201574,1.560557636277433,1.1713404479888814,0.0,0.0,0.0,0.0,1.0
776,-3.995346600735451e-15,-0.5410460190595064,-0.5262314185314123,-0.5602152127110358,0.0,0.0,1.0,0.0,0.0
788,2.7191379173225556,2.018447200340435,2.0963548260256495,2.1199318099375315,0.0,1.0,0.0,0.0,0.0
520,0.46995773453653705,0.7294270644832178,0.64876241863573,0.584117223925431,0.0,0.0,0.0,1.0,0.0
363,0.22254791443007502,0.35848601819337184,0.4043637005049646,0.35826213774718096,0.0,0.0,0.0,0.0,1.0
309,-1.1044683934136763,-1.3571163208971686,-1.3534270798970804,-1.3130654999718694,0.0,0.0,0.0,1.0,0.0
795,1.5720560241016863,1.3785738954904494,1.4477582279093872,1.4875375686384313,0.0,0.0,1.0,0.0,0.0
604,0.7623511582987194,0.8499829045274178,8.34883335561999e-16,0.9605423675558484,0.0,0.0,0.0,1.0,0.0
252,1.4820888167902455,1.406394473962188,1.3349588195413415,1.442366551402781,0.0,0.0,1.0,0.0,0.0
544,-1.1044683934136763,5.7655820651734695e-15,-1.306427326410395,-1.3582365172075197,0.0,0.0,0.0,1.0,0.0
481,-0.18230451847140852,-0.0031815019392290277,8.34883335561999e-16,0.0721790285880643,0.0,0.0,1.0,0.0,0.0
441,-0.5196815458893115,-0.4761313359587831,8.34883335561999e-16,-0.40964515525886963,0.0,0.0,0.0,1.0,0.0
647,-1.1269601952415365,-1.310748690110938,8.34883335561999e-16,-1.3883505286979532,0.0,0.0,0.0,1.0,0.0
476,-0.4971897440614512,-0.4204901790153065,-0.5074315171367376,-0.21390408057105237,1.0,0.0,0.0,0.0,0.0
22,-0.5421733477171714,-0.45758428364429116,-0.41343201016336656,-0.439759166749303,0.0,0.0,1.0,0.0,0.0
62,-1.0819765915858162,-1.320022216268184,-1.3158272771077317,-1.2528374769910027,0.0,0.0,1.0,0.0,0.0
148,-1.1269601952415365,-1.338569268582676,-1.400426833383766,-1.3431795114623029,0.0,0.0,1.0,0.0,0.0
483,0.46995773453653705,0.6737859075397412,0.6299625172410561,0.6443452469062977,0.0,0.0,1.0,0.0,0.0
727,-0.6096487532007521,-0.5595930713739984,0.39496374980762766,-0.45481617249451933,0.0,0.0,1.0,0.0,0.0
959,0.942285572921601,0.9798122707288646,0.9589607916478556,-4.680657648870788e-15,0.0,0.0,0.0,0.0,1.0
786,-0.5871569513728918,-0.5688665975312444,-0.5262314185314123,-0.40964515525886963,0.0,1.0,0.0,0.0,0.0
257,0.6948757528151391,0.8128887998984331,0.7803617283984505,0.885257338829764,0.0,0.0,0.0,1.0,0.0
52,-0.474697942233591,5.7655820651734695e-15,-0.35703230597934327,-0.3193031207875695,0.0,0.0,1.0,0.0,0.0
242,-0.0023701038485268453,0.16374196889120246,0.19756478516354778,0.2679201032758809,0.0,0.0,1.0,0.0,0.0
173,-0.8795503751350744,5.7655820651734695e-15,-0.9774290520035945,-0.8161843103797198,0.0,0.0,0.0,0.0,1.0
35,-0.024861905676387054,0.13592139041946374,0.15056503167686228,0.22274908604023116,0.0,0.0,1.0,0.0,0.0
178,2.7191379173225556,2.1946441973281123,2.143354579512336,2.1801598329183984,0.0,0.0,0.0,1.0,0.0
679,-0.6321405550286122,-0.5317724929022597,-0.5826311227154347,-0.515044195475386,0.0,0.0,1.0,0.0,0.0
738,1.7969740423802885,1.6938737848368186,1.6263572911587925,1.5628225973645145,0.0,0.0,0.0,1.0,0.0
120,0.8298265637822999,0.7479741167977105,0.8931611367664962,1.0358273962819315,0.0,1.0,0.0,0.0,0.0
275,-1.3518782135201384,-1.8115191026022304,-1.8798243189479602,-1.85511770679967,0.0,0.0,0.0,1.0,0.0
44,-0.6771241586843326,-0.5781401236884912,-0.648430777596795,-0.6053862299466862,0.0,0.0,1.0,0.0,0.0
300,-3.995346600735451e-15,-0.9954488007645678,-0.9868290027009314,-0.9516973620866697,0.0,1.0,0.0,0.0,0.0
836,-0.6096487532007521,-0.42976370517255247,-0.5074315171367376,-0.5903292242014692,0.0,0.0,1.0,0.0,0.0
76,0.020121697979333365,0.19156254736294034,0.2257646372555586,0.2679201032758809,0.0,0.0,1.0,0.0,0.0
720,-1.1269601952415365,-1.3756633732116605,-1.3722269812917542,-1.3281225057170865,0.0,0.0,1.0,0.0,0.0
368,-1.1269601952415365,-1.3663898470544147,-1.4568265375677885,-1.3582365172075197,0.0,0.0,0.0,1.0,0.0
212,2.854088728289717,2.22246477579985,2.2749538892750545,2.2253308501540485,0.0,0.0,0.0,1.0,0.0
267,-0.6546323568564725,-0.5503195452167524,-0.5920310734127717,-0.5602152127110358,0.0,0.0,1.0,0.0,0.0
311,1.5945478259295467,1.3229327385469727,1.2221594111732959,1.758563672052331,0.0,0.0,1.0,0.0,0.0
728,-0.36223893309428995,-0.21647260355589032,-0.20663309482194972,-0.183790069080619,0.0,0.0,1.0,0.0,0.0
444,-0.09233731115996768,0.08955375963323309,0.12236517958485062,0.0721790285880643,0.0,0.0,0.0,0.0,1.0
503,0.4924495363643973,5.7655820651734695e-15,0.5735628130570328,0.7346872813775978,0.0,0.0,1.0,0.0,0.0
495,0.46995773453653705,0.6552388552252484,0.6769622707277416,0.584117223925431,0.0,0.0,1.0,0.0,0.0
33,0.4924495363643973,0.6552388552252484,0.6863622214250786,0.6895162641419474,0.0,0.0,1.0,0.0,0.0
9,-1.0594847897579558,-1.227286954695722,-1.1842279673450122,-1.2829514884814361,0.0,0.0,0.0,1.0,0.0
688,-1.1044683934136763,-1.3478427947399227,-1.3440271291997434,-1.2227234655005692,0.0,1.0,0.0,0.0,0.0
160,-1.0369929879300956,-1.1901928500667371,-1.2594275729237085,-1.13238143102927,0.0,0.0,0.0,1.0,0.0
285,0.46995773453653705,0.34921249203612503,0.4231636018996393,0.674459258396731,1.0,0.0,0.0,0.0,0.0
295,-0.22728812212712896,-0.14228439429792097,-0.20663309482194972,-0.033220011628452825,0.0,0.0,0.0,0.0,1.0
616,0.042613499807193325,0.19156254736294034,0.1599649823741992,0.3130911205115306,0.0,0.0,0.0,0.0,1.0
824,-3.995346600735451e-15,-1.0603634838652911,-1.0526286575822916,-1.0570964023031861,0.0,0.0,1.0,0.0,0.0
625,-0.9020421769629345,-0.9583546961355831,-0.9586291506089206,-0.8914693391058028,0.0,0.0,1.0,0.0,0.0
277,-1.0819765915858162,-1.2551075331674606,-1.3158272771077317,-1.2528374769910027,0.0,0.0,1.0,0.0,0.0
878,-3.995346600735451e-15,-1.3014751639536912,-1.3158272771077317,-1.2678944827362197,0.0,0.0,1.0,0.0,0.0
603,-3.995346600735451e-15,2.176097145013619,2.143354579512336,2.300615878880132,0.0,0.0,0.0,1.0,0.0
484,-1.0594847897579558,-1.1994663762239839,-1.203027868739686,-1.1926094540101366,0.0,0.0,1.0,0.0,0.0
496,1.032252780233042,1.0447269538295871,1.0717602000159014,1.156283442243665,0.0,0.0,1.0,0.0,0.0
182,-0.15981271664354832,0.006092024218016937,0.02836567261147873,0.042065017097630934,0.0,0.0,1.0,0.0,0.0
827,-3.995346600735451e-15,2.139003040384635,2.1715544316043465,2.165102827173182,0.0,0.0,1.0,0.0,0.0
923,-0.6771241586843326,-0.5688665975312444,-0.6672306789914689,-0.6806712586727693,0.0,0.0,0.0,1.0,0.0
684,-0.5646651495450317,-0.4668578098015371,-0.4510318129527151,-0.45481617249451933,0.0,0.0,1.0,0.0,0.0
744,-0.5421733477171714,-0.4668578098015371,-0.4510318129527151,-4.680657648870788e-15,0.0,0.0,1.0,0.0,0.0
938,0.7173675546429994,0.9056240614708952,0.8649612846744846,0.8551433273393313,0.0,0.0,1.0,0.0,0.0
36,-0.6096487532007521,-0.5874136498457372,8.34883335561999e-16,-0.4849301839849527,0.0,0.0,1.0,0.0,0.0
156,-0.6771241586843326,-0.6337812806319678,-0.6202309255047833,-0.5903292242014692,0.0,0.0,1.0,0.0,0.0
2,-0.22728812212712896,0.006092024218016937,-0.046833932967217606,-0.0633340231188862,0.0,0.0,1.0,0.0,0.0
754,0.9647773747494612,0.9241711137853872,1.0059605451345413,1.1713404479888814,0.0,1.0,0.0,0.0,0.0
508,-1.1269601952415365,5.7655820651734695e-15,-1.4380266361731144,-1.2678944827362197,0.0,0.0,0.0,0.0,1.0
497,-1.1269601952415365,-1.3756633732116605,-1.3816269319890921,-1.2829514884814361,0.0,0.0,1.0,0.0,0.0
308,-0.6096487532007521,-0.5039519144305218,-0.4886316157420637,-0.4999871897301691,0.0,0.0,1.0,0.0,0.0
289,0.4924495363643973,0.5995976982817718,0.5547629116623589,0.7497442871228142,0.0,0.0,0.0,0.0,1.0
560,-0.6546323568564725,-0.26284023434212095,-0.5638312213207609,-0.5903292242014692,0.0,0.0,1.0,0.0,0.0
414,-0.22728812212712896,-0.0031815019392290277,0.009565771216804854,-0.12356204609975227,0.0,0.0,0.0,0.0,1.0
421,0.8748101674380203,1.0076328492006026,0.9589607916478556,0.9454853618106307,0.0,0.0,0.0,1.0,0.0
141,-1.0594847897579558,-1.2643810593247065,-1.2594275729237085,-1.207666459755353,0.0,0.0,0.0,0.0,1.0
223,-0.6321405550286122,5.7655820651734695e-15,-0.469831714347389,-0.6806712586727693,0.0,0.0,0.0,1.0,0.0
864,-3.995346600735451e-15,0.21938312583467906,0.26336444004490717,0.5690602181802146,0.0,1.0,0.0,0.0,0.0
183,-1.1044683934136763,-1.3756633732116605,-1.400426833383766,-1.2678944827362197,0.0,1.0,0.0,0.0,0.0
843,-0.22728812212712896,-0.03100208041096692,0.01896572191414179,-0.0934480346093189,0.0,0.0,0.0,0.0,1.0
909,-0.33974713126642975,-0.1701049727696597,-0.15023339063792643,-0.16873306333540267,0.0,0.0,1.0,0.0,0.0
672,0.4924495363643973,0.46049480592307906,0.39496374980762766,0.674459258396731,0.0,1.0,0.0,0.0,0.0
848,-0.6771241586843326,-0.5874136498457372,-0.5826311227154347,-0.5602152127110358,0.0,0.0,1.0,0.0,0.0
511,0.40248232905295644,0.2657507566209097,0.1787648837688731,0.7949153043584646,1.0,0.0,0.0,0.0,0.0
731,-0.22728812212712896,-0.0680961850399516,-0.06563383436189232,-0.13861905184496928,0.0,1.0,0.0,0.0,0.0
611,0.7623511582987194,0.8499829045274178,0.8931611367664962,0.8702003330845476,0.0,0.0,1.0,0.0,0.0
892,0.042613499807193325,5.7655820651734695e-15,0.02836567261147873,0.37331914349239737,1.0,0.0,0.0,0.0,0.0
747,-0.6546323568564725,-0.605960702160229,-0.6014310241101095,-0.5903292242014692,0.0,0.0,1.0,0.0,0.0
913,-1.1269601952415365,-1.3942104255261534,-1.4568265375677885,-1.3281225057170865,0.0,0.0,0.0,1.0,0.0
117,0.22254791443007502,0.21938312583467906,0.30096424283425577,0.5088321951993479,0.0,1.0,0.0,0.0,0.0
853,-1.1269601952415365,-1.4220310039978912,-1.4380266361731144,-1.298008494226653,0.0,1.0,0.0,0.0,0.0
1,0.942285572921601,1.0447269538295871,1.0999600521079131,1.0057133847914974,0.0,0.0,1.0,0.0,0.0
113,-0.9920093842743753,-1.1067311146515217,-1.1278282631609888,-1.0721534080484032,0.0,0.0,1.0,0.0,0.0
926,-0.5871569513728918,-0.5039519144305218,-0.5638312213207609,-0.4698731782397357,0.0,0.0,0.0,1.0,0.0
686,-0.8795503751350744,-0.8934400130348605,-0.9116293971222351,-0.8764123333605859,0.0,0.0,1.0,0.0,0.0
765,-0.20479632029926875,-0.012455028096474991,-0.07503378505922925,-0.018163005883235807,0.0,0.0,1.0,0.0,0.0
165,-1.1269601952415365,-1.2922016377964451,-1.306427326410395,-1.4485785516788199,0.0,0.0,0.0,1.0,0.0
184,0.44746593270867685,0.5254094890238025,0.5547629116623589,0.6594022526515146,0.0,0.0,0.0,0.0,1.0
677,0.29002331991365565,0.5161359628665565,0.5547629116623589,0.4335471664732641,0.0,0.0,0.0,0.0,1.0
372,-1.1044683934136763,-1.431304530155138,-1.400426833383766,-1.2829514884814361,0.0,1.0,0.0,0.0,0.0
274,-1.0819765915858162,-1.2829281116391993,-1.297027375713057,-1.207666459755353,0.0,0.0,1.0,0.0,0.0
704,0.5149413381922575,0.6274182767535106,0.6017626651490445,0.7045732698871637,0.0,0.0,0.0,1.0,0.0
0,3.1239903502240396,2.3152000373723114,2.246754037183044,2.5264709650583823,0.0,1.0,0.0,0.0,0.0
566,0.46995773453653705,0.4975889105520638,0.4043637005049646,0.6443452469062977,0.0,1.0,0.0,0.0,0.0
887,2.02189206065889,1.7124208371513114,1.673357044645478,1.7736206777975487,0.0,0.0,0.0,1.0,0.0
540,0.8073347619544398,0.8036152737411871,0.8649612846744846,0.885257338829764,0.0,0.0,0.0,0.0,1.0
500,0.08759710346291374,0.5810506459672791,0.39496374980762766,-0.12356204609975227,1.0,0.0,0.0,0.0,0.0
718,-1.0594847897579558,-1.1438252192805065,8.34883335561999e-16,-1.298008494226653,0.0,0.0,0.0,1.0,0.0
383,-1.2619110062086976,-1.6075015271428146,-1.6166256994225205,-1.6593766321118528,0.0,0.0,0.0,0.0,1.0
405,-0.9920093842743753,-1.0974575884942759,-1.109028361766315,-1.0872104137936194,0.0,0.0,1.0,0.0,0.0
561,2.02189206065889,1.8515237295100033,1.927155713473581,1.8037346892879815,0.0,0.0,0.0,0.0,1.0
862,-1.0594847897579558,-1.1438252192805065,-1.2218277701343598,-1.298008494226653,0.0,0.0,0.0,1.0,0.0
20,1.5945478259295467,1.656779680207834,1.5135578827907468,1.2165114652245317,1.0,0.0,0.0,0.0,0.0
805,-0.6771241586843326,-0.6894224375754452,-0.6578307282941319,-0.5903292242014692,0.0,0.0,0.0,0.0,1.0
176,0.22254791443007502,0.33993896587887906,0.3855637991102907,0.35826213774718096,0.0,0.0,0.0,0.0,1.0
335,0.9872691765773214,1.0169063753578493,1.0623602493185644,1.0960554192627983,0.0,0.0,1.0,0.0,0.0
379,-0.4971897440614512,-0.23501965587038307,-0.28183270040064606,-0.515044195475386,0.0,0.0,0.0,1.0,0.0
545,0.7173675546429994,0.8963505353136493,8.34883335561999e-16,0.8099723101036809,0.0,0.0,0.0,0.0,1.0
171,-0.36223893309428995,-0.0680961850399516,-0.028034031572543732,-0.3795311437684363,0.0,1.0,0.0,0.0,0.0
519,2.696646115494696,2.0648148311266654,2.1527545302096724,1.999475763975798,0.0,0.0,0.0,0.0,1.0
830,0.942285572921601,1.0261799015150952,0.9871606437398673,1.0358273962819315,0.0,0.0,1.0,0.0,0.0
507,0.5149413381922575,0.7108800121687259,0.639362467938393,0.6142312354158643,0.0,0.0,0.0,1.0,0.0
152,0.9197937710937408,1.1096416369303106,1.0529602986212274,-4.680657648870788e-15,0.0,0.0,0.0,1.0,0.0
618,-0.20479632029926875,-0.03100208041096692,-0.028034031572543732,-0.033220011628452825,0.0,0.0,1.0,0.0,0.0
413,-3.995346600735451e-15,0.6366918029107566,8.34883335561999e-16,0.7346872813775978,0.0,0.0,1.0,0.0,0.0
609,0.5599249418479779,0.6645123813824952,0.6769622707277416,0.7196302756323815,0.0,0.0,1.0,0.0,0.0
622,-1.0594847897579558,-1.1345516931232607,-1.203027868739686,-1.2227234655005692,0.0,0.0,1.0,0.0,0.0
872,0.44746593270867685,0.46976833208032504,0.4983632074783357,0.674459258396731,0.0,1.0,0.0,0.0,0.0
581,-0.6321405550286122,-0.44831075748704435,-0.4416318622553782,-0.5903292242014692,0.0,0.0,1.0,0.0,0.0
858,-0.5421733477171714,-0.42976370517255247,-0.42283196086070346,-0.40964515525886963,0.0,0.0,1.0,0.0,0.0
641,-1.0145011861022355,-1.1623722715949993,-1.1560281152530005,-1.1022674195388364,0.0,0.0,1.0,0.0,0.0
316,-1.0819765915858162,-1.2736545854819532,-1.2782274743183832,-1.2528374769910027,0.0,0.0,1.0,0.0,0.0
258,0.5374331400201177,0.7108800121687259,0.6675623200304047,0.6895162641419474,0.0,0.0,0.0,1.0,0.0
834,-1.1269601952415365,-1.3849368993689073,-1.391026882686429,-1.3582365172075197,0.0,0.0,1.0,0.0,0.0
662,-1.0594847897579558,-1.20873990238123,-1.2876274250157203,-1.3130654999718694,0.0,0.0,0.0,1.0,0.0
474,-1.1269601952415365,-1.3756633732116605,-1.4474265868704514,-1.373293522952736,0.0,0.0,0.0,1.0,0.0
337,-0.4297143385778706,-0.3184813912855984,-0.33823240458466935,-0.3644741380232192,0.0,0.0,0.0,1.0,0.0
538,-0.20479632029926875,-0.03100208041096692,-0.06563383436189232,-0.033220011628452825,0.0,0.0,0.0,1.0,0.0
504,-0.834566771479354,-0.8099782776196452,-0.8176298901488632,-0.7860702988892864,0.0,0.0,1.0,0.0,0.0
398,0.5374331400201177,0.6737859075397412,0.6957621721224155,-4.680657648870788e-15,0.0,0.0,1.0,0.0,0.0
423,-1.0145011861022355,5.7655820651734695e-15,-1.212427819437023,-1.1624954425197032,0.0,0.0,1.0,0.0,0.0
605,-1.0369929879300956,-1.1901928500667371,-1.1842279673450122,-1.147438436774486,0.0,0.0,1.0,0.0,0.0
940,0.6049085455036983,0.6737859075397412,0.6299625172410561,0.7949153043584646,0.0,0.0,0.0,0.0,1.0
660,0.22254791443007502,0.3121183874071404,0.31036419353159356,0.49377518945413085,0.0,1.0,0.0,0.0,0.0
480,-0.6771241586843326,-0.5874136498457372,8.34883335561999e-16,-0.5903292242014692,0.0,0.0,1.0,0.0,0.0
422,0.22254791443007502,0.3306654397216331,0.39496374980762766,0.4486041722184811,0.0,0.0,0.0,0.0,1.0
119,-3.995346600735451e-15,-1.0325429053935524,-1.0996284110689771,-1.1022674195388364,0.0,0.0,0.0,1.0,0.0
917,-0.047353707504247264,0.10810081194772501,0.1599649823741992,0.11735004582371403,0.0,0.0,0.0,0.0,1.0
650,-1.0369929879300956,-1.1901928500667371,-1.203027868739686,-4.680657648870788e-15,0.0,0.0,1.0,0.0,0.0
681,-1.1269601952415365,-1.32929574242543,-1.3252272278050687,-1.373293522952736,0.0,0.0,1.0,0.0,0.0
875,-1.1044683934136763,-1.3571163208971686,-1.3252272278050687,-1.298008494226653,0.0,0.0,1.0,0.0,0.0
714,0.7848429601265795,0.9241711137853872,0.9777606930425303,0.9003143445749816,0.0,0.0,1.0,0.0,0.0
659,-0.13732091481568812,0.02463907653250969,-0.009234130177869856,0.0721790285880643,0.0,0.0,0.0,1.0,0.0
789,0.22254791443007502,0.28429780893540246,0.34796399632094216,0.4486041722184811,0.0,0.0,0.0,0.0,1.0
256,-1.0369929879300956,-1.1252781669660146,-1.193627918042349,-1.2528374769910027,0.0,0.0,0.0,1.0,0.0
952,-0.9470257806186549,5.7655820651734695e-15,-0.8552296929382118,-1.2227234655005692,0.0,1.0,0.0,0.0,0.0
643,0.6498921491594187,0.8036152737411871,0.8555613339771476,0.7798582986132482,0.0,0.0,0.0,0.0,1.0
249,-1.1269601952415365,-1.3571163208971686,-1.3816269319890921,-1.298008494226653,0.0,0.0,1.0,0.0,0.0
664,-1.1269601952415365,-1.3478427947399227,-1.4192267347784406,-1.2528374769910027,0.0,0.0,0.0,0.0,1.0
874,-1.1044683934136763,-1.3663898470544147,-1.3628270305944172,-1.2678944827362197,0.0,0.0,0.0,0.0,1.0
